1060,Saint-Gilles,BE
1080,Molenbeek-Saint-Jean,BE
1083,Ganshoren,BE
1120,Neder-Over-Heembeek,BE
1300,Wavre,BE
1301,Bierges,BE
1320,L'ecluse,BE
1340,Ottignies,BE
1348,Louvain-La-Neuve,BE
1350,Orp-Le-Grand,BE
1357,Hélécine,BE
1357,Linsmeau,BE
1367,Autre-Eglise,BE
1390,Grez-Doiceau,BE
1420,Braine-L'alleud,BE
1440,Wauthier-Braine,BE
1450,Saint-Géry,BE
1457,Nil-Saint-Vincent-Saint-Martin,BE
1457,Walhain,BE
1457,Walhain-Saint-Paul,BE
1460,Ittre,BE
1471,Loupoigne,BE
1480,Tubize,BE
1570,Galmaarden,BE
1601,Ruisbroek,BE
1652,Alsemberg,BE
1673,Beert,BE
1730,Asse,BE
1730,Kobbegem,BE
1731,Zellik,BE
1750,Sint-Kwintens-Lennik,BE
1755,Kester,BE
1755,Oetingen,BE
1760,Pamel,BE
1760,Strijtem,BE
1770,Liedekerke,BE
1831,Diegem,BE
1860,Meise,BE
1880,Nieuwenrode,BE
1910,Nederokkerzeel,BE
1930,Nossegem,BE
1930,Zaventem,BE
1933,Sterrebeek,BE
1982,Elewijt,BE
2000,Antwerpen,BE
2050,Antwerpen,BE
2180,Ekeren,BE
2200,Herentals,BE
2242,Pulderbos,BE
2243,Pulle,BE
2275,Gierle,BE
2275,Lille,BE
2322,Minderhout,BE
2330,Merksplas,BE
2370,Arendonk,BE
2380,Ravels,BE
2430,Vorst,BE
2431,Varendonk,BE
2450,Meerhout,BE
2470,Retie,BE
2491,Olmen,BE
2500,Lier,BE
2560,Kessel,BE
2560,Nijlen,BE
2590,Berlaar,BE
2620,Hemiksem,BE
2800,Mechelen,BE
2811,Hombeek,BE
2820,Bonheiden,BE
2820,Rijmenam,BE
2830,Blaasveld,BE
2830,Heindonk,BE
2830,Tisselt,BE
2830,Willebroek,BE
2840,Reet,BE
2850,Boom,BE
2861,Onze-Lieve-Vrouw-Waver,BE
2870,Breendonk,BE
2920,Kalmthout,BE
2940,Hoevenen,BE
2970,'s Gravenwezel,BE
3010,Kessel Lo,BE
3020,Herent,BE
3040,Neerijse,BE
3070,Kortenberg,BE
3078,Meerbeek,BE
3080,Tervuren,BE
3150,Tildonk,BE
3200,Gelrode,BE
3220,Sint-Pieters-Rode,BE
3300,Bost,BE
3300,Oorbeek,BE
3300,Vissenaken,BE
3350,Linter,BE
3350,Melkwezer,BE
3360,Korbeek-Lo,BE
3380,Bunsbeek,BE
3384,Attenrode,BE
3391,Meensel-Kiezegem,BE
3400,Ezemaal,BE
3400,Rumsdorp,BE
3440,Helen-Bos,BE
3471,Hoeleden,BE
3510,Kermt,BE
3530,Houthalen-Helchteren,BE
3540,Herk-De-Stad,BE
3540,Schulen,BE
3580,Beringen,BE
3620,Gellik,BE
3620,Neerharen,BE
3630,Mechelen-Aan-De-Maas,BE
3631,Boorsem,BE
3640,Kinrooi,BE
3670,Ellikom,BE
3670,Neerglabbeek,BE
3690,Zutendaal,BE
3700,Lauw,BE
3700,Neerrepen,BE
3700,Piringen,BE
3700,Vreren,BE
3700,Widooie,BE
3717,Herstappe,BE
3723,Guigoven,BE
3724,Vliermaal,BE
3730,Werm,BE
3740,Grote-Spouwen,BE
3770,Membruggen,BE
3770,Vlijtingen,BE
3790,Fouron-Saint-Martin,BE
3790,Fourons,BE
3792,Fouron-Saint-Pierre,BE
3793,Teuven,BE
3800,Zepperen,BE
3831,Herten,BE
3840,Broekom,BE
3840,Kolmont,BE
3840,Kuttekoven,BE
3850,Binderveld,BE
3850,Kozen,BE
3850,Nieuwerkerken,BE
3870,Mettekoven,BE
3890,Gingelom,BE
3890,Kortijs,BE
3890,Montenaken,BE
3891,Borlo,BE
3920,Lommel,BE
3940,Hechtel-Eksel,BE
3945,Ham,BE
3960,Bree,BE
3971,Heppen,BE
4031,Angleur,BE
4041,Milmort,BE
4102,Ougrée,BE
4120,Neupré,BE
4120,Rotheux-Rimière,BE
4162,Hody,BE
4170,Comblain-Au-Pont,BE
4190,Ferrières,BE
4217,Héron,BE
4217,Waret-L'evêque,BE
4250,Boëlhe,BE
4250,Lens-Saint-Servais,BE
4260,Fumal,BE
4280,Abolens,BE
4280,Avin,BE
4280,Blehen,BE
4280,Grand-Hallet,BE
4280,Villers-Le-Peuplier,BE
4300,Grand-Axhe,BE
4300,Lantremange,BE
4300,Oleye,BE
4317,Faimes,BE
4340,Fooz,BE
4340,Villers-L'evêque,BE
4342,Hognoul,BE
4347,Fexhe-Le-Haut-Clocher,BE
4347,Freloux,BE
4350,Pousset,BE
4357,Limont,BE
4360,Bergilers,BE
4367,Fize-Le-Marsal,BE
4400,Awirs,BE
4400,Flémalle-Grande,BE
4420,Montegnée,BE
4450,Juprelle,BE
4450,Slins,BE
4453,Villers-Saint-Siméon,BE
4460,Bierset,BE
4500,Ben-Ahin,BE
4500,Huy,BE
4520,Huccorgne,BE
4520,Moha,BE
4530,Vaux-Et-Borset,BE
4530,Villers-Le-Bouillet,BE
4537,Chapon-Seraing,BE
4540,Flône,BE
4540,Ombret,BE
4550,Nandrin,BE
4557,Fraiture,BE
4557,Ramelot,BE
4557,Soheit-Tinlot,BE
4560,Clavier,BE
4560,Terwagne,BE
4570,Vyle-Et-Tharoul,BE
4590,Ellemelle,BE
4600,Richelle,BE
4607,Bombaye,BE
4610,Beyne-Heusay,BE
4630,Micheroux,BE
4651,Battice,BE
4653,Bolland,BE
4670,Blégny,BE
4670,Mortier,BE
4671,Housse,BE
4680,Hermée,BE
4682,Houtain-Saint-Siméon,BE
4690,Boirs,BE
4690,Eben-Emael,BE
4690,Glons,BE
4690,Roclenge-Sur-Geer,BE
4710,Lontzen,BE
4711,Walhorn,BE
4730,Raeren,BE
4750,Butgenbach,BE
4770,Meyerode,BE
4791,Thommen,BE
4800,Lambermont,BE
4801,Stembert,BE
4831,Bilstain,BE
4840,Welkenraedt,BE
4850,Plombières,BE
4860,Pepinster,BE
4870,Nessonvaux,BE
4870,Trooz,BE
4877,Olne,BE
4890,Thimister,BE
4890,Thimister-Clermont,BE
4920,Ernonheid,BE
4950,Waimes,BE
4960,Bevercé,BE
4970,Stavelot,BE
4987,Chevron,BE
4987,La Gleize,BE
4987,Rahier,BE
5000,Namur,BE
5002,Saint-Servais,BE
5003,Saint-Marc,BE
5020,Daussoulx,BE
5030,Ernage,BE
5030,Sauvenière,BE
5032,Bothey,BE
5060,Falisolle,BE
5070,Aisemont,BE
5070,Fosses-La-Ville,BE
5080,Villers-Lez-Heest,BE
5081,Bovesse,BE
5100,Naninne,BE
5100,Wépion,BE
5101,Lives-Sur-Meuse,BE
5101,Loyers,BE
5140,Tongrinne,BE
5150,Franière,BE
5190,Balâtre,BE
5300,Bonneville,BE
5300,Sclayn,BE
5310,Aische-En-Refail,BE
5310,Branchon,BE
5310,Noville-Sur-Méhaigne,BE
5310,Waret-La-Chaussée,BE
5330,Maillen,BE
5333,Sorinne-La-Longue,BE
5340,Gesves,BE
5340,Haltinne,BE
5350,Ohey,BE
5361,Mohiville,BE
5370,Barvaux-Condroz,BE
5370,Flostoy,BE
5377,Heure,BE
5380,Fernelmont,BE
5380,Hemptinne,BE
5380,Marchovelette,BE
5380,Noville-Les-Bois,BE
5380,Pontillas,BE
5503,Sorinnes,BE
5530,Dorinne,BE
5530,Houx,BE
5537,Denée,BE
5540,Hastière,BE
5540,Waulsort,BE
5550,Bagimont,BE
5550,Pussemange,BE
5550,Sugny,BE
5555,Bièvre,BE
5555,Monceau-En-Ardenne,BE
5560,Hulsonniaux,BE
5561,Celles,BE
5562,Custinne,BE
5570,Feschaux,BE
5571,Wiesme,BE
5573,Martouzin-Neuville,BE
5574,Pondrôme,BE
5580,Han-Sur-Lesse,BE
5580,Villers-Sur-Lesse,BE
5590,Leignon,BE
5590,Pessoux,BE
5600,Jamagne,BE
5600,Jamiolle,BE
5600,Neuville,BE
5620,Rosée,BE
5630,Daussois,BE
5630,Villers-Deux-Eglises,BE
5640,Graux,BE
5640,Saint-Gérard,BE
5644,Ermeton-Sur-Biert,BE
5651,Berzée,BE
5660,Couvin,BE
5660,Mariembourg,BE
5660,Petite-Chapelle,BE
5670,Le Mesnil,BE
6010,Couillet,BE
6043,Ransart,BE
6060,Gilly,BE
6061,Montignies-Sur-Sambre,BE
6141,Forchies-La-Marche,BE
6182,Souvret,BE
6183,Trazegnies,BE
6210,Les Bons Villers,BE
6210,Rèves,BE
6210,Villers-Perwin,BE
6223,Wagnelée,BE
6230,Buzet,BE
6230,Obaix,BE
6230,Viesville,BE
6240,Farciennes,BE
6250,Aiseau,BE
6440,Fourbechies,BE
6460,Bailièvre,BE
6460,Robechies,BE
6460,Villers-La-Tour,BE
6464,Bourlers,BE
6464,L'escaillère,BE
6500,Leugnies,BE
6536,Donstiennes,BE
6540,Mont-Sainte-Geneviève,BE
6560,Erquelinnes,BE
6567,Merbes-Le-Château,BE
6593,Macquenoise,BE
6594,Beauwelz,BE
6596,Forge-Philippe,BE
6596,Seloignes,BE
6600,Villers-La-Bonne-Eau,BE
6637,Tintange,BE
6640,Sibret,BE
6662,Tavigny,BE
6673,Cherain,BE
6690,Bihain,BE
6700,Bonnert,BE
6700,Heinsch,BE
6704,Guirsch,BE
6730,Tintigny,BE
6742,Chantemelle,BE
6747,Meix-Le-Tige,BE
6760,Ethe,BE
6761,Latour,BE
6767,Torgny,BE
6769,Villers-La-Loue,BE
6780,Messancy,BE
6780,Wolkrange,BE
6812,Suxy,BE
6820,Florenville,BE
6820,Fontenoille,BE
6821,Lacuisine,BE
6823,Villers-Devant-Orval,BE
6824,Chassepierre,BE
6836,Dohan,BE
6840,Grandvoir,BE
6840,Tournay,BE
6856,Fays-Les-Veneurs,BE
6860,Mellier,BE
6860,Witry,BE
6870,Arville,BE
6870,Awenne,BE
6870,Hatrival,BE
6870,Saint-Hubert,BE
6880,Cugnon,BE
6887,Herbeumont,BE
6887,Straimont,BE
6890,Anloy,BE
6920,Wellin,BE
6927,Bure,BE
6927,Grupont,BE
6929,Gembes,BE
6940,Grandhan,BE
6940,Septon,BE
6941,Heyd,BE
6941,Izier,BE
6951,Bande,BE
6953,Ambly,BE
6953,Lesterny,BE
6960,Malempré,BE
6960,Vaux-Chavanne,BE
6972,Erneuville,BE
6980,La Roche-En-Ardenne,BE
6990,Hampteau,BE
6990,Marenne,BE
7020,Maisières,BE
7021,Havre,BE
7024,Ciply,BE
7033,Cuesmes,BE
7050,Herchies,BE
7060,Horrues,BE
7070,Gottignies,BE
7070,Mignault,BE
7080,Frameries,BE
7080,La Bouverie,BE
7090,Braine-Le-Comte,BE
7090,Steenkerque,BE
7100,Haine-Saint-Paul,BE
7110,Houdeng-Aimeries,BE
7133,Buvrinnes,BE
7134,Epinois,BE
7134,Leval-Trahegnies,BE
7180,Seneffe,BE
7190,Ecaussinnes-D'enghien,BE
7190,Marche-Lez-Ecaussinnes,BE
7301,Hornu,BE
7321,Blaton,BE
7321,Harchies,BE
7330,Saint-Ghislain,BE
7340,Warquignies,BE
7350,Hensies,BE
7387,Angre,BE
7387,Angreau,BE
7387,Montignies-Sur-Roc,BE
7522,Hertain,BE
7533,Thimougies,BE
7536,Vaulx,BE
7538,Vezon,BE
7540,Melles,BE
7540,Rumillies,BE
7543,Mourcourt,BE
7600,Péruwelz,BE
7604,Wasmes-Audemez-Briffoeil,BE
7608,Wiers,BE
7620,Bléharies,BE
7621,Lesdain,BE
7623,Rongy,BE
7640,Antoing,BE
7712,Herseaux,BE
7730,Néchin,BE
7740,Warcoing,BE
7743,Obigies,BE
7784,Bas-Warneton,BE
7784,Warneton,BE
7800,Lanquesaint,BE
7802,Ormeignies,BE
7804,Rebaix,BE
7812,Ligne,BE
7812,Moulbaix,BE
7812,Villers-Notre-Dame,BE
7822,Meslin-L'evêque,BE
7830,Graty,BE
7830,Hellebecq,BE
7850,Enghien,BE
7860,Lessines,BE
7861,Papignies,BE
7864,Deux-Acren,BE
7870,Bauffe,BE
7870,Cambron-Saint-Vincent,BE
7904,Pipaix,BE
7904,Tourpes,BE
7910,Anvaing,BE
7911,Buissenal,BE
7911,Moustier,BE
7912,Saint-Sauveur,BE
7940,Brugelette,BE
7940,Cambron-Casteau,BE
7941,Attre,BE
7943,Gages,BE
7950,Tongre-Saint-Martin,BE
7972,Aubechies,BE
8210,Veldegem,BE
8370,Uitkerke,BE
8377,Meetkerke,BE
8380,Lissewege,BE
8433,Schore,BE
8434,Lombardsijde,BE
8460,Oudenburg,BE
8460,Roksem,BE
8470,Gistel,BE
8470,Snaaskerke,BE
8510,Marke,BE
8520,Kuurne,BE
8530,Harelbeke,BE
8540,Deerlijk,BE
8553,Otegem,BE
8560,Moorsele,BE
8587,Espierres,BE
8600,Beerst,BE
8600,Driekapellen,BE
8600,Esen,BE
8600,Lampernisse,BE
8620,Nieuwpoort,BE
8620,Ramskapelle,BE
8630,Bulskamp,BE
8650,Houthulst,BE
8670,Wulpen,BE
8690,Alveringem,BE
8700,Kanegem,BE
8720,Oeselgem,BE
8740,Pittem,BE
8800,Beveren,BE
8810,Lichtervelde,BE
8840,Staden,BE
8850,Ardooie,BE
8870,Izegem,BE
8880,Sint-Eloois-Winkel,BE
8890,Dadizele,BE
8890,Moorslede,BE
8900,Sint-Jan,BE
8904,Boezinge,BE
8940,Geluwe,BE
8940,Wervik,BE
8950,Nieuwkerke,BE
8970,Poperinge,BE
8972,Roesbrugge-Haringe,BE
8980,Beselare,BE
8980,Geluveld,BE
9070,Destelbergen,BE
9080,Zaffelare,BE
9090,Gontrode,BE
9090,Melle,BE
9100,Nieuwkerken-Waas,BE
9100,Sint-Niklaas,BE
9120,Haasdonk,BE
9120,Melsele,BE
9140,Steendorp,BE
9140,Temse,BE
9150,Rupelmonde,BE
9200,Mespelare,BE
9220,Moerzeke,BE
9230,Wetteren,BE
9255,Opdorp,BE
9260,Wichelen,BE
9308,Gijzegem,BE
9320,Nieuwerkerken,BE
9340,Oordegem,BE
9400,Appelterre-Eichem,BE
9400,Denderwindeke,BE
9400,Lieferinge,BE
9403,Neigem,BE
9420,Ottergem,BE
9500,Geraardsbergen,BE
9500,Overboelare,BE
9521,Letterhoutem,BE
9551,Ressegem,BE
9552,Borsbeke,BE
9570,Deftinge,BE
9570,Sint-Maria-Lierde,BE
9620,Grotenberge,BE
9620,Leeuwergem,BE
9620,Velzeke-Ruddershove,BE
9630,Meilegem,BE
9630,Paulatem,BE
9630,Sint-Maria-Latem,BE
9660,Opbrakel,BE
9667,Sint-Maria-Horebeke,BE
9680,Maarkedal,BE
9700,Eine,BE
9700,Melden,BE
9700,Mullem,BE
9700,Volkegem,BE
9750,Zingem,BE
9790,Elsegem,BE
9790,Petegem-Aan-De-Schelde,BE
9800,Bachte-Maria-Leerne,BE
9800,Deinze,BE
9800,Gottem,BE
9800,Wontergem,BE
9800,Zeveren,BE
9810,Eke,BE
9820,Melsen,BE
9831,Deurle,BE
9850,Landegem,BE
9850,Nevele,BE
9880,Aalter,BE
9880,Poeke,BE
9910,Knesselare,BE
9932,Ronsele,BE
9940,Sleidinge,BE
9980,Sint-Laureins,BE
1050,Ixelles,BE
1081,Koekelberg,BE
1130,Haren,BE
1150,Woluwe-Saint-Pierre,BE
1315,Incourt,BE
1315,Opprebais,BE
1315,Roux-Miroir,BE
1325,Bonlez,BE
1325,Corroy-Le-Grand,BE
1341,Céroux-Mousty,BE
1350,Folx-Les-Caves,BE
1360,Perwez,BE
1367,Bomal,BE
1367,Grand-Rosière-Hottomont,BE
1367,Huppaye,BE
1367,Mont-Saint-André,BE
1370,Jodoigne,BE
1380,Lasne,BE
1380,Maransart,BE
1390,Biez,BE
1430,Rebecq-Rognon,BE
1450,Chastre,BE
1450,Gentinnes,BE
1495,Marbais,BE
1495,Mellery,BE
1495,Villers-La-Ville,BE
1500,Halle,BE
1501,Buizingen,BE
1600,Sint-Laureins-Berchem,BE
1602,Vlezenbeek,BE
1670,Heikruis,BE
1671,Elingen,BE
1700,Dilbeek,BE
1740,Ternat,BE
1742,Sint-Katherina-Lombeek,BE
1745,Mazenzele,BE
1750,Lennik,BE
1750,Sint-Martens-Lennik,BE
1780,Wemmel,BE
1785,Hamme,BE
1852,Beigem,BE
1910,Kampenhout,BE
1982,Weerde,BE
2040,Zandvliet,BE
2100,Deurne,BE
2200,Morkhoven,BE
2200,Noorderwijk,BE
2220,Hallaar,BE
2222,Wiekevorst,BE
2235,Hulshout,BE
2240,Massenhoven,BE
2240,Zandhoven,BE
2260,Tongerlo,BE
2320,Hoogstraten,BE
2323,Wortel,BE
2340,Vlimmeren,BE
2400,Mol,BE
2520,Broechem,BE
2627,Schelle,BE
2650,Edegem,BE
2800,Walem,BE
2801,Heffen,BE
2870,Liezele,BE
2870,Ruisbroek,BE
2880,Bornem,BE
2880,Hingene,BE
2880,Mariekerke,BE
2890,Lippelo,BE
2910,Essen,BE
2960,Sint-Job-In-'t-Goor,BE
2970,Schilde,BE
2980,Halle,BE
2980,Zoersel,BE
2990,Loenhout,BE
2990,Wuustwezel,BE
3001,Heverlee,BE
3020,Winksele,BE
3040,Loonbeek,BE
3050,Oud-Heverlee,BE
3054,Vaalbeek,BE
3060,Bertem,BE
3060,Korbeek-Dijle,BE
3071,Erps-Kwerps,BE
3128,Baal,BE
3130,Begijnendijk,BE
3191,Hever,BE
3201,Langdorp,BE
3212,Pellenberg,BE
3270,Scherpenheuvel,BE
3270,Scherpenheuvel-Zichem,BE
3272,Testelt,BE
3294,Molenstede,BE
3300,Oplinter,BE
3350,Drieslinter,BE
3350,Neerlinter,BE
3350,Overhespen,BE
3370,Roosbeek,BE
3381,Kapellen,BE
3390,Tielt,BE
3390,Tielt-Winge,BE
3404,Attenhoven,BE
3404,Neerlanden,BE
3440,Halle-Booienhoven,BE
3450,Geetbets,BE
3470,Kortenaken,BE
3470,Sint-Margriete-Houtem,BE
3500,Hasselt,BE
3520,Zonhoven,BE
3540,Berbroek,BE
3581,Beverlo,BE
3640,Kessenich,BE
3640,Molenbeersel,BE
3650,Dilsen,BE
3650,Dilsen-Stokkem,BE
3650,Rotem,BE
3670,Gruitrode,BE
3670,Meeuwen-Gruitrode,BE
3700,Henis,BE
3700,Koninksem,BE
3720,Kortessem,BE
3732,Schalkhoven,BE
3740,Beverst,BE
3740,Eigenbilzen,BE
3740,Hees,BE
3740,Rosmeer,BE
3746,Hoelbeek,BE
3770,Herderen,BE
3770,Millen,BE
3798,Fouron-Le-Comte,BE
3800,Brustem,BE
3800,Engelmanshoven,BE
3800,Gelinden,BE
3800,Kerkom-Bij-Sint-Truiden,BE
3800,Sint-Truiden,BE
3830,Berlingen,BE
3832,Ulbeek,BE
3840,Gotem,BE
3840,Groot-Loon,BE
3840,Kerniel,BE
3840,Rijkel,BE
3850,Wijer,BE
3870,Bovelingen,BE
3870,Heks,BE
3870,Horpmaal,BE
3870,Klein-Gelmen,BE
3870,Mechelen-Bovelingen,BE
3930,Achel,BE
3930,Hamont,BE
3960,Beek,BE
3990,Wijchmaal,BE
4020,Liège,BE
4040,Herstal,BE
4042,Liers,BE
4052,Beaufays,BE
4190,Vieuxville,BE
4210,Hannêche,BE
4217,Lavoir,BE
4218,Couthuin,BE
4253,Darion,BE
4257,Berloz,BE
4260,Braives,BE
4260,Fallais,BE
4261,Latinne,BE
4263,Tourinne,BE
4280,Moxhe,BE
4280,Thisnes,BE
4300,Bleret,BE
4317,Aineffe,BE
4347,Voroux-Goreux,BE
4350,Remicourt,BE
4357,Donceel,BE
4357,Haneffe,BE
4360,Lens-Sur-Geer,BE
4360,Oreye,BE
4367,Crisnée,BE
4400,Flémalle,BE
4450,Lantin,BE
4452,Paifve,BE
4458,Fexhe-Slins,BE
4460,Grâce-Hollogne,BE
4480,Ehein,BE
4480,Hermalle-Sous-Huy,BE
4500,Tihange,BE
4520,Bas-Oha,BE
4530,Fize-Fontaine,BE
4530,Vieux-Waleffe,BE
4537,Bodegnée,BE
4540,Jehay,BE
4557,Seny,BE
4577,Vierset-Barse,BE
4600,Visé,BE
4602,Cheratte,BE
4630,Tignée,BE
4631,Evegnée,BE
4650,Chaineux,BE
4650,Grand-Rechain,BE
4652,Xhendelesse,BE
4670,Trembleur,BE
4671,Barchon,BE
4682,Heure-Le-Romain,BE
4701,Kettenis,BE
4720,La Calamine,BE
4721,Neu-Moresnet,BE
4760,Bullange,BE
4761,Rocherath,BE
4784,Crombach,BE
4790,Burg-Reuland,BE
4790,Reuland,BE
4800,Verviers,BE
4820,Dison,BE
4845,Jalhay,BE
4860,Cornesse,BE
4870,Fraipont,BE
4880,Aubel,BE
4910,La Reid,BE
4950,Sourbrodt,BE
4970,Francorchamps,BE
4980,Fosse,BE
4980,Wanne,BE
4987,Lorcé,BE
4987,Stoumont,BE
5000,Beez,BE
5020,Malonne,BE
5021,Boninne,BE
5022,Cognelée,BE
5030,Gembloux,BE
5032,Corroy-Le-Château,BE
5060,Arsimont,BE
5080,Rhisnes,BE
5081,Meux,BE
5100,Jambes,BE
5140,Boignée,BE
5150,Floreffe,BE
5170,Profondeville,BE
5190,Moustier-Sur-Sambre,BE
5190,Saint-Martin,BE
5300,Andenne,BE
5300,Landenne,BE
5310,Bolinne,BE
5330,Sart-Bernard,BE
5336,Courrière,BE
5370,Verlée,BE
5374,Maffe,BE
5377,Hogne,BE
5377,Noiseux,BE
5380,Bierwart,BE
5380,Forville,BE
5380,Hingeon,BE
5520,Onhaye,BE
5523,Weillen,BE
5524,Gerin,BE
5530,Evrehailles,BE
5537,Bioul,BE
5540,Hermeton-Sur-Meuse,BE
5541,Hastière-Par-Delà,BE
5542,Blaimont,BE
5550,Nafraiture,BE
5555,Petit-Fays,BE
5560,Houyet,BE
5560,Mesnil-Eglise,BE
5563,Hour,BE
5564,Wanlin,BE
5570,Honnay,BE
5570,Winenne,BE
5575,Bourseigne-Neuve,BE
5575,Gedinne,BE
5575,Houdremont,BE
5575,Rienne,BE
5580,Eprave,BE
5590,Chevetogne,BE
5600,Franchimont,BE
5600,Samart,BE
5600,Villers-Le-Gambon,BE
5620,Flavion,BE
5620,Florennes,BE
5640,Biesmerée,BE
5650,Pry,BE
5650,Walcourt,BE
5650,Yves-Gomezée,BE
5651,Laneffe,BE
5651,Tarcienne,BE
5660,Cul-Des-Sarts,BE
5660,Dailly,BE
5670,Oignies-En-Thiérache,BE
5670,Olloy-Sur-Viroin,BE
5680,Gochenée,BE
5680,Romerée,BE
5680,Vaucelles,BE
6001,Marcinelle,BE
6044,Roux,BE
6120,Nalinnes,BE
6140,Fontaine-L'evêque,BE
6220,Heppignies,BE
6240,Pironchamps,BE
6250,Aiseau-Presles,BE
6250,Roselies,BE
6280,Gerpinnes,BE
6464,Baileux,BE
6470,Grandrieu,BE
6470,Rance,BE
6500,Renlies,BE
6532,Ragnies,BE
6540,Lobbes,BE
6560,Hantes-Wihéries,BE
6560,Solre-Sur-Sambre,BE
6567,Fontaine-Valmont,BE
6567,Labuissière,BE
6567,Merbes-Sainte-Marie,BE
6600,Bastogne,BE
6600,Longvilly,BE
6640,Hompré,BE
6640,Morhet,BE
6640,Nives,BE
6642,Juseret,BE
6663,Mabompré,BE
6670,Gouvy,BE
6680,Tillet,BE
6688,Longchamps,BE
6690,Vielsalm,BE
6706,Autelbas,BE
6720,Habay-La-Neuve,BE
6721,Anlier,BE
6730,Rossignol,BE
6730,Saint-Vincent,BE
6740,Sainte-Marie-Sur-Semois,BE
6741,Vance,BE
6747,Châtillon,BE
6747,Saint-Léger,BE
6750,Signeulx,BE
6760,Virton,BE
6767,Dampicourt,BE
6767,Harnoncourt,BE
6780,Hondelange,BE
6790,Aubange,BE
6792,Rachecourt,BE
6810,Chiny,BE
6810,Jamoigne,BE
6820,Sainte-Cécile,BE
6832,Sensenruth,BE
6834,Bellevaux,BE
6850,Carlsbourg,BE
6850,Offagne,BE
6852,Opont,BE
6860,Assenois,BE
6860,Ebly,BE
6870,Vesqueville,BE
6880,Bertrix,BE
6900,Aye,BE
6900,Marche-En-Famenne,BE
6900,Roy,BE
6929,Daverdisse,BE
6929,Porcheresse,BE
6941,Bomal-Sur-Ourthe,BE
6941,Borlon,BE
6941,Villers-Sainte-Gertrude,BE
6960,Grandmenil,BE
6960,Harre,BE
6984,Hives,BE
6997,Erezée,BE
7012,Jemappes,BE
7022,Mesvin,BE
7030,Saint-Symphorien,BE
7032,Spiennes,BE
7034,Obourg,BE
7040,Genly,BE
7040,Quévy-Le-Petit,BE
7050,Erbaut,BE
7050,Erbisoeul,BE
7050,Masnuy-Saint-Pierre,BE
7090,Henripont,BE
7100,Saint-Vaast,BE
7120,Estinnes,BE
7120,Rouveroy,BE
7120,Vellereille-Le-Sec,BE
7130,Bray,BE
7140,Morlanwelz,BE
7140,Morlanwelz-Mariemont,BE
7170,La Hestre,BE
7181,Familleureux,BE
7320,Bernissart,BE
7340,Colfontaine,BE
7350,Montroeul-Sur-Haine,BE
7370,Blaugies,BE
7370,Elouges,BE
7370,Wihéries,BE
7382,Audregnies,BE
7387,Athis,BE
7387,Autreppe,BE
7500,Tournai,BE
7504,Froidmont,BE
7532,Beclers,BE
7534,Maulde,BE
7540,Quartes,BE
7542,Mont-Saint-Aubert,BE
7602,Bury,BE
7603,Bon-Secours,BE
7604,Baugnies,BE
7604,Braffe,BE
7604,Callenelle,BE
7620,Guignies,BE
7620,Hollain,BE
7620,Wez-Velvain,BE
7624,Howardries,BE
7641,Bruyelle,BE
7730,Estaimbourg,BE
7730,Estaimpuis,BE
7730,Leers-Nord,BE
7740,Pecq,BE
7742,Hérinnes-Lez-Pecq,BE
7750,Orroir,BE
7780,Comines,BE
7780,Comines-Warneton,BE
7801,Irchonwelz,BE
7804,Ostiches,BE
7830,Hoves,BE
7830,Silly,BE
7830,Thoricourt,BE
7850,Petit-Enghien,BE
7866,Bois-De-Lessines,BE
7870,Lombise,BE
7870,Montignies-Lez-Lens,BE
7890,Wodecq,BE
7900,Leuze-En-Hainaut,BE
7903,Chapelle-À-Wattines,BE
7904,Willaupuis,BE
7910,Arc-Wattripont,BE
7910,Ellignies-Lez-Frasnes,BE
7910,Forest,BE
7910,Frasnes-Lez-Anvaing,BE
7950,Huissignies,BE
7970,Beloeil,BE
7971,Basècles,BE
8200,Sint-Andries,BE
8210,Loppem,BE
8211,Aartrijke,BE
8300,Knokke,BE
8301,Ramskapelle,BE
8310,Assebroek,BE
8380,Zeebrugge,BE
8400,Zandvoorde,BE
8431,Wilskerke,BE
8433,Slijpe,BE
8470,Zevekote,BE
8480,Bekegem,BE
8490,Jabbeke,BE
8490,Stalhille,BE
8490,Zerkegem,BE
8500,Kortrijk,BE
8501,Heule,BE
8511,Aalbeke,BE
8551,Heestert,BE
8554,Sint-Denijs,BE
8570,Gijzelbrechtegem,BE
8581,Kerkhove,BE
8587,Helchin,BE
8600,Kaaskerke,BE
8600,Oudekapelle,BE
8600,Woumen,BE
8610,Handzame,BE
8630,Booitshoeke,BE
8630,Steenkerke,BE
8630,Veurne,BE
8630,Vinkem,BE
8640,Woesten,BE
8647,Reninge,BE
8680,Bovekerke,BE
8690,Oeren,BE
8691,Leisele,BE
8720,Dentergem,BE
8730,Oedelem,BE
8790,Waregem,BE
8800,Oekene,BE
8800,Roeselare,BE
8820,Torhout,BE
8851,Koolskamp,BE
8860,Lendelede,BE
8900,Brielen,BE
8900,Dikkebus,BE
8900,Ieper,BE
8902,Hollebeke,BE
8902,Voormezele,BE
8920,Bikschote,BE
8951,Dranouter,BE
8952,Wulvergem,BE
8953,Wijtschate,BE
9000,Gent,BE
9031,Drongen,BE
9032,Wondelgem,BE
9050,Ledeberg,BE
9080,Beervelde,BE
9130,Doel,BE
9130,Kallo,BE
9160,Eksaarde,BE
9170,Sint-Gillis-Waas,BE
9170,Sint-Pauwels,BE
9180,Moerbeke-Waas,BE
9200,Grembergen,BE
9200,Oudegem,BE
9230,Massemen,BE
9240,Zele,BE
9270,Laarne,BE
9280,Lebbeke,BE
9290,Berlare,BE
9290,Overmere,BE
9310,Moorsel,BE
9320,Erembodegem,BE
9340,Impe,BE
9400,Nederhasselt,BE
9400,Voorde,BE
9406,Outer,BE
9420,Burst,BE
9500,Ophasselt,BE
9506,Waarbeke,BE
9506,Zandbergen,BE
9550,Woubrechtegem,BE
9570,Lierde,BE
9600,Renaix,BE
9620,Elene,BE
9630,Munkzwalm,BE
9630,Rozebeke,BE
9660,Brakel,BE
9660,Michelbeke,BE
9660,Sint-Maria-Oudenhove,BE
9660,Zegelsem,BE
9680,Maarke-Kerkem,BE
9681,Nukerke,BE
9690,Berchem,BE
9700,Nederename,BE
9700,Ooike,BE
9772,Wannegem-Lede,BE
9800,Meigem,BE
9800,Sint-Martens-Leerne,BE
9810,Nazareth,BE
9820,Merelbeke,BE
9840,De Pinte,BE
9840,Zevergem,BE
9850,Merendree,BE
9860,Moortsele,BE
9870,Machelen,BE
9881,Bellem,BE
9890,Vurste,BE
9900,Eeklo,BE
9910,Ursel,BE
9940,Evergem,BE
9968,Bassevelde,BE
9968,Oosteeklo,BE
9988,Watervliet,BE
1040,Etterbeek,BE
1070,Anderlecht,BE
1160,Auderghem,BE
1180,Uccle,BE
1190,Forest,BE
1300,Limal,BE
1320,Tourinnes-La-Grosse,BE
1325,Dion-Valmont,BE
1325,Longueville,BE
1367,Ramillies,BE
1370,Jauchelette,BE
1380,Ohain,BE
1390,Archennes,BE
1400,Nivelles,BE
1402,Thines,BE
1430,Quenast,BE
1430,Rebecq,BE
1435,Corbais,BE
1435,Hévillers,BE
1473,Glabais,BE
1476,Houtain-Le-Val,BE
1547,Biévène,BE
1630,Linkebeek,BE
1640,Rhode-Saint-Genèse,BE
1650,Beersel,BE
1654,Huizingen,BE
1670,Pepingen,BE
1741,Wambeek,BE
1745,Opwijk,BE
1760,Roosdaal,BE
1761,Borchtlombeek,BE
1785,Merchtem,BE
1790,Affligem,BE
1790,Hekelgem,BE
1800,Peutie,BE
1820,Melsbroek,BE
1820,Steenokkerzeel,BE
1851,Humbeek,BE
1910,Berg,BE
1932,Sint-Stevens-Woluwe,BE
1980,Zemst,BE
2018,Antwerpen,BE
2030,Antwerpen,BE
2040,Berendrecht,BE
2040,Lillo,BE
2060,Antwerpen,BE
2150,Borsbeek,BE
2170,Merksem,BE
2223,Schriek,BE
2235,Westmeerbeek,BE
2260,Westerlo,BE
2288,Bouwel,BE
2300,Turnhout,BE
2310,Rijkevorsel,BE
2340,Beerse,BE
2360,Oud-Turnhout,BE
2382,Poppel,BE
2390,Westmalle,BE
2431,Veerle,BE
2440,Geel,BE
2480,Dessel,BE
2490,Balen,BE
2520,Emblem,BE
2547,Lint,BE
2550,Kontich,BE
2560,Bevel,BE
2590,Gestel,BE
2610,Wilrijk,BE
2811,Leest,BE
2812,Muizen,BE
2840,Rumst,BE
2870,Puurs,BE
2880,Weert,BE
2890,Oppuurs,BE
2930,Brasschaat,BE
2940,Stabroek,BE
2960,Sint-Lenaarts,BE
3000,Leuven,BE
3040,Sint-Agatha-Rode,BE
3051,Sint-Joris-Weert,BE
3053,Haasrode,BE
3090,Overijse,BE
3110,Rotselaar,BE
3111,Wezemaal,BE
3118,Werchter,BE
3130,Betekom,BE
3150,Wespelaar,BE
3200,Aarschot,BE
3210,Lubbeek,BE
3220,Kortrijk-Dutsel,BE
3272,Messelbroek,BE
3360,Lovenjoel,BE
3370,Neervelp,BE
3370,Vertrijk,BE
3400,Landen,BE
3401,Walshoutem,BE
3401,Wezeren,BE
3460,Assent,BE
3461,Molenbeek-Wersbeek,BE
3470,Ransberg,BE
3472,Kersbeek-Miskom,BE
3501,Wimmertingen,BE
3510,Spalbeek,BE
3511,Kuringen,BE
3512,Stevoort,BE
3530,Helchteren,BE
3545,Halen,BE
3545,Zelem,BE
3550,Heusden,BE
3560,Meldert,BE
3583,Paal,BE
3590,Diepenbeek,BE
3620,Lanaken,BE
3620,Veldwezelt,BE
3621,Rekem,BE
3630,Eisden,BE
3630,Meeswijk,BE
3630,Opgrimbie,BE
3630,Vucht,BE
3650,Elen,BE
3665,As,BE
3680,Maaseik,BE
3680,Opoeteren,BE
3700,Diets-Heur,BE
3730,Romershoven,BE
3730,Sint-Huibrechts-Hern,BE
3740,Rijkhoven,BE
3770,Val-Meer,BE
3790,Mouland,BE
3800,Aalst,BE
3800,Groot-Gelmen,BE
3800,Halmaal,BE
3803,Gorsem,BE
3830,Wellen,BE
3840,Haren,BE
3840,Hendrieken,BE
3840,Voort,BE
3870,Heers,BE
3870,Vechmaal,BE
3891,Buvingen,BE
3891,Mielen-Boven-Aalst,BE
3891,Muizen,BE
3900,Overpelt,BE
3945,Kwaadmechelen,BE
3950,Bocholt,BE
3950,Reppel,BE
3960,Opitter,BE
3990,Grote-Brogel,BE
4030,Grivegnee,BE
4053,Embourg,BE
4120,Ehein,BE
4140,Dolembreux,BE
4140,Rouvreux,BE
4161,Villers-Aux-Tours,BE
4163,Tavier,BE
4190,Xhoris,BE
4210,Oteppe,BE
4219,Ambresin,BE
4219,Meeffe,BE
4219,Wasseiges,BE
4252,Omal,BE
4260,Ciplet,BE
4280,Avernas-Le-Bauduin,BE
4280,Petit-Hallet,BE
4280,Poucet,BE
4280,Trognée,BE
4287,Lincent,BE
4300,Bettincourt,BE
4317,Borlez,BE
4317,Celles,BE
4317,Les Waleffes,BE
4340,Awans,BE
4350,Lamine,BE
4350,Momalle,BE
4351,Hodeige,BE
4360,Grandville,BE
4360,Otrange,BE
4400,Ivoz-Ramet,BE
4400,Mons-Lez-Liège,BE
4430,Ans,BE
4432,Alleur,BE
4460,Hollogne-Aux-Pierres,BE
4460,Velroux,BE
4520,Antheit,BE
4520,Vinalmont,BE
4540,Amay,BE
4550,Saint-Séverin,BE
4560,Les Avins,BE
4560,Pailhe,BE
4570,Marchin,BE
4607,Berneau,BE
4608,Neufchâteau,BE
4608,Warsage,BE
4610,Bellaire,BE
4621,Retinne,BE
4623,Magnée,BE
4630,Ayeneux,BE
4632,Cérexhe-Heuseux,BE
4654,Charneux,BE
4671,Saive,BE
4681,Hermalle-Sous-Argenteau,BE
4684,Haccourt,BE
4690,Bassenge,BE
4700,Eupen,BE
4770,Amblève,BE
4780,Saint-Vith,BE
4782,Schoenberg,BE
4800,Ensival,BE
4800,Petit-Rechain,BE
4800,Polleur,BE
4830,Limbourg,BE
4851,Sippenaeken,BE
4852,Hombourg,BE
4890,Clermont,BE
4920,Aywaille,BE
4920,Louveigné,BE
4950,Robertville,BE
4960,Malmedy,BE
4990,Arbrefontaine,BE
5024,Marche-Les-Dames,BE
5030,Beuzet,BE
5060,Moignelée,BE
5060,Velaine-Sur-Sambre,BE
5070,Le Roux,BE
5070,Sart-Eustache,BE
5170,Lesve,BE
5170,Lustin,BE
5190,Ham-Sur-Sambre,BE
5190,Mornimont,BE
5190,Spy,BE
5300,Coutisse,BE
5300,Maizeret,BE
5300,Namêche,BE
5300,Thon,BE
5310,Boneffe,BE
5310,Upigny,BE
5330,Assesse,BE
5340,Mozet,BE
5350,Evelette,BE
5353,Goesnes,BE
5354,Jallet,BE
5362,Achet,BE
5363,Emptinne,BE
5370,Jeneffe,BE
5372,Méan,BE
5377,Sinsin,BE
5377,Somme-Leuze,BE
5380,Tillier,BE
5500,Bouvignes-Sur-Meuse,BE
5500,Dinant,BE
5500,Furfooz,BE
5501,Lisogne,BE
5520,Anthée,BE
5521,Serville,BE
5522,Falaen,BE
5530,Godinne,BE
5530,Purnode,BE
5550,Alle,BE
5550,Bohan,BE
5550,Laforet,BE
5550,Vresse-Sur-Semois,BE
5555,Gros-Fays,BE
5555,Oizy,BE
5560,Finnevaux,BE
5560,Mesnil-Saint-Blaise,BE
5570,Baronville,BE
5575,Bourseigne-Vieille,BE
5575,Louette-Saint-Denis,BE
5575,Louette-Saint-Pierre,BE
5580,Buissonville,BE
5580,Lessive,BE
5590,Achêne,BE
5590,Conneux,BE
5590,Haversin,BE
5590,Serinchamps,BE
5590,Sovet,BE
5600,Philippeville,BE
5600,Romedenne,BE
5600,Surice,BE
5620,Hemptinne-Lez-Florennes,BE
5620,Saint-Aubin,BE
5630,Silenrieux,BE
5650,Castillon,BE
5650,Clermont,BE
5650,Fontenelle,BE
5650,Vogenée,BE
5651,Gourdinne,BE
5651,Somzée,BE
5651,Thy-Le-Château,BE
5660,Aublain,BE
5660,Brûly,BE
5660,Frasnes,BE
5660,Gonrieux,BE
5660,Pesche,BE
5660,Petigny,BE
5670,Mazée,BE
5680,Soulme,BE
6020,Dampremy,BE
6032,Mont-Sur-Marchienne,BE
6111,Landelies,BE
6120,Jamioulx,BE
6200,Bouffioulx,BE
6200,Châtelet,BE
6200,Châtelineau,BE
6220,Fleurus,BE
6220,Lambusart,BE
6221,Saint-Amand,BE
6224,Wanfercée-Baulet,BE
6230,Thiméon,BE
6280,Acoz,BE
6280,Gougnies,BE
6440,Boussu-Lez-Walcourt,BE
6440,Froidchapelle,BE
6462,Vaulx-Lez-Chimay,BE
6463,Lompret,BE
6470,Montbliart,BE
6511,Strée,BE
6530,Leers-Et-Fosteau,BE
6543,Bienne-Lez-Happart,BE
6560,Bersillies-L'abbaye,BE
6560,Grand-Reng,BE
6592,Monceau-Imbrechies,BE
6600,Noville,BE
6640,Vaux-Lez-Rosières,BE
6661,Mont,BE
6661,Tailles,BE
6666,Wibrin,BE
6670,Limerlé,BE
6671,Bovigny,BE
6672,Beho,BE
6674,Montleban,BE
6686,Flamierge,BE
6687,Bertogne,BE
6700,Arlon,BE
6720,Habay,BE
6723,Habay-La-Vieille,BE
6724,Rulles,BE
6740,Etalle,BE
6767,Lamorteau,BE
6767,Rouvroy,BE
6769,Meix-Devant-Virton,BE
6769,Sommethonne,BE
6782,Habergy,BE
6791,Athus,BE
6792,Halanzy,BE
6800,Freux,BE
6811,Les Bulles,BE
6813,Termes,BE
6830,Poupehan,BE
6830,Rochehaut,BE
6831,Noirfontaine,BE
6833,Ucimont,BE
6838,Corbion,BE
6840,Grapfontaine,BE
6840,Neufchâteau,BE
6880,Jehonville,BE
6887,Saint-Médard,BE
6890,Libin,BE
6900,Hargimont,BE
6920,Sohier,BE
6921,Chanly,BE
6922,Halma,BE
6929,Haut-Fays,BE
6953,Forrières,BE
6960,Manhay,BE
6971,Champlon,BE
6982,Samrée,BE
6983,Ortho,BE
6986,Halleux,BE
6987,Hodister,BE
6990,Fronville,BE
6997,Mormont,BE
7011,Ghlin,BE
7012,Flénu,BE
7020,Nimy,BE
7022,Harmignies,BE
7022,Harveng,BE
7031,Villers-Saint-Ghislain,BE
7040,Quévy,BE
7041,Givry,BE
7050,Masnuy-Saint-Jean,BE
7060,Soignies,BE
7061,Casteau,BE
7061,Thieusies,BE
7070,Le Roeulx,BE
7080,Noirchain,BE
7080,Sars-La-Bruyère,BE
7090,Petit-Roeulx-Lez-Braine,BE
7110,Strépy-Bracquegnies,BE
7120,Estinnes-Au-Mont,BE
7120,Estinnes-Au-Val,BE
7130,Battignies,BE
7141,Carnières,BE
7141,Mont-Sainte-Aldegonde,BE
7160,Chapelle-Lez-Herlaimont,BE
7160,Godarville,BE
7170,Bellecourt,BE
7322,Pommeroeul,BE
7334,Hautrage,BE
7334,Villerot,BE
7340,Paturages,BE
7380,Baisieux,BE
7387,Fayt-Le-Franc,BE
7387,Roisin,BE
7390,Quaregnon,BE
7500,Saint-Maur,BE
7503,Froyennes,BE
7521,Chercq,BE
7522,Blandain,BE
7540,Kain,BE
7548,Warchin,BE
7601,Roucourt,BE
7618,Taintignies,BE
7620,Brunehaut,BE
7620,Jollain-Merlin,BE
7640,Maubray,BE
7711,Dottignies,BE
7730,Bailleul,BE
7730,Evregnies,BE
7730,Saint-Léger,BE
7743,Esquelmes,BE
7760,Celles,BE
7760,Escanaffles,BE
7760,Pottes,BE
7803,Bouvignies,BE
7812,Houtaing,BE
7822,Ghislenghien,BE
7822,Isières,BE
7866,Ollignies,BE
7870,Lens,BE
7880,Flobecq,BE
7890,Ellezelles,BE
7900,Grandmetz,BE
7903,Chapelle-À-Oie,BE
7910,Wattripont,BE
7911,Frasnes-Lez-Buissenal,BE
7950,Grosage,BE
7973,Grandglise,BE
7973,Stambruges,BE
8000,Brugge,BE
8000,Koolkerke,BE
8020,Oostkamp,BE
8200,Sint-Michiels,BE
8300,Knokke-Heist,BE
8377,Houtave,BE
8420,Klemskerke,BE
8420,Wenduine,BE
8421,Vlissegem,BE
8432,Leffinge,BE
8434,Westende,BE
8480,Ichtegem,BE
8510,Rollegem,BE
8560,Wevelgem,BE
8570,Anzegem,BE
8570,Vichte,BE
8573,Tiegem,BE
8600,Diksmuide,BE
8600,Pervijze,BE
8610,Kortemark,BE
8620,Sint-Joris,BE
8630,Avekapelle,BE
8640,Vleteren,BE
8647,Lo-Reninge,BE
8647,Pollinkhove,BE
8650,Klerken,BE
8650,Merkem,BE
8691,Izenberge,BE
8700,Tielt,BE
8710,Ooigem,BE
8710,Wielsbeke,BE
8750,Zwevezele,BE
8755,Ruiselede,BE
8760,Meulebeke,BE
8791,Beveren,BE
8870,Emelgem,BE
8870,Kachtem,BE
8904,Zuidschote,BE
8920,Langemark,BE
8920,Langemark-Poelkapelle,BE
8930,Rekkem,BE
8950,Heuvelland,BE
8972,Proven,BE
8978,Watou,BE
9030,Mariakerke,BE
9041,Oostakker,BE
9042,Desteldonk,BE
9042,Mendonk,BE
9051,Sint-Denijs-Westrem,BE
9070,Heusden,BE
9112,Sinaai-Waas,BE
9120,Vrasene,BE
9150,Kruibeke,BE
9185,Wachtebeke,BE
9190,Stekene,BE
9200,Baasrode,BE
9220,Hamme,BE
9250,Waasmunster,BE
9260,Schellebelle,BE
9260,Serskamp,BE
9280,Denderbelle,BE
9280,Wieze,BE
9310,Herdersem,BE
9400,Okegem,BE
9420,Erpe,BE
9420,Erpe-Mere,BE
9420,Mere,BE
9450,Heldergem,BE
9472,Iddergem,BE
9500,Goeferdinge,BE
9500,Moerbeke,BE
9506,Grimminge,BE
9506,Nieuwenhove,BE
9506,Schendelbeke,BE
9520,Bavegem,BE
9520,Sint-Lievens-Houtem,BE
9550,Hillegem,BE
9550,Sint-Antelinks,BE
9550,Steenhuize-Wijnhuize,BE
9620,Strijpen,BE
9630,Sint-Blasius-Boekel,BE
9688,Schorisse,BE
9690,Kwaremont,BE
9700,Edelare,BE
9700,Heurne,BE
9700,Leupegem,BE
9700,Mater,BE
9700,Oudenaarde,BE
9700,Welden,BE
9750,Huise,BE
9750,Ouwegem,BE
9800,Astene,BE
9800,Petegem-Aan-De-Leie,BE
9850,Hansbeke,BE
9850,Poesele,BE
9860,Balegem,BE
9860,Landskouter,BE
9890,Baaigem,BE
9921,Vinderhoute,BE
9940,Ertvelde,BE
9961,Boekhoute,BE
9982,Sint-Jan-In-Eremo,BE
9988,Waterland-Oudeman,BE
9990,Maldegem,BE
1000,Bruxelles,BE
1082,Berchem-Sainte-Agathe,BE
1310,La Hulpe,BE
1315,Glimes,BE
1315,Piètrebais,BE
1320,Beauvechain,BE
1320,Hamme-Mille,BE
1320,Nodebais,BE
1325,Chaumont-Gistoux,BE
1330,Rixensart,BE
1332,Genval,BE
1342,Limelette,BE
1350,Jandrain-Jandrenouille,BE
1350,Orp-Jauche,BE
1360,Malèves-Sainte-Marie-Wastines,BE
1360,Thorembais-Saint-Trond,BE
1367,Gérompont,BE
1370,Mélin,BE
1370,Piétrain,BE
1370,Zétrud-Lumay,BE
1380,Lasne-Chapelle-Saint-Lambert,BE
1390,Bossut-Gottechain,BE
1400,Monstreux,BE
1404,Bornival,BE
1410,Waterloo,BE
1421,Ophain-Bois-Seigneur-Isaac,BE
1428,Lillois-Witterzée,BE
1450,Chastre-Villeroux-Blanmont,BE
1450,Cortil-Noirmont,BE
1457,Tourinnes-Saint-Lambert,BE
1460,Virginal-Samme,BE
1461,Haut-Ittre,BE
1470,Baisy-Thy,BE
1470,Genappe,BE
1480,Clabecq,BE
1480,Oisquercq,BE
1480,Saintes,BE
1490,Court-Saint-Etienne,BE
1502,Lembeek,BE
1560,Hoeilaart,BE
1570,Tollembeek,BE
1653,Dworp,BE
1670,Bogaarden,BE
1703,Schepdaal,BE
1730,Bekkerzeel,BE
1730,Mollem,BE
1731,Relegem,BE
1750,Gaasbeek,BE
1755,Gooik,BE
1760,Onze-Lieve-Vrouw-Lombeek,BE
1790,Essene,BE
1800,Vilvoorde,BE
1830,Machelen,BE
1840,Londerzeel,BE
1853,Strombeek-Bever,BE
1861,Wolvertem,BE
1880,Ramsdonk,BE
1970,Wezembeek-Oppem,BE
2020,Antwerpen,BE
2070,Burcht,BE
2070,Zwijndrecht,BE
2110,Wijnegem,BE
2160,Wommelgem,BE
2222,Itegem,BE
2230,Herselt,BE
2240,Viersel,BE
2250,Olen,BE
2260,Oevel,BE
2270,Herenthout,BE
2275,Poederlee,BE
2275,Wechelderzande,BE
2290,Vorselaar,BE
2321,Meer,BE
2328,Meerle,BE
2350,Vosselaar,BE
2430,Laakdal,BE
2460,Tielen,BE
2500,Koningshooikt,BE
2520,Ranst,BE
2530,Boechout,BE
2531,Vremde,BE
2580,Putte,BE
2600,Berchem,BE
2640,Mortsel,BE
2840,Terhagen,BE
2845,Niel,BE
2890,Sint-Amands,BE
2900,Schoten,BE
3018,Wijgmaal,BE
3061,Leefdaal,BE
3078,Everberg,BE
3080,Duisburg,BE
3120,Tremelo,BE
3140,Keerbergen,BE
3190,Boortmeerbeek,BE
3210,Linden,BE
3211,Binkom,BE
3221,Nieuwrode,BE
3290,Schaffen,BE
3290,Webbekom,BE
3293,Kaggevinne,BE
3300,Goetsenhoven,BE
3300,Kumtich,BE
3300,Sint-Margriete-Houtem,BE
3300,Tienen,BE
3320,Meldert,BE
3350,Orsmaal-Gussenhoven,BE
3360,Bierbeek,BE
3370,Willebringen,BE
3390,Houwaart,BE
3390,Sint-Joris-Winge,BE
3400,Wange,BE
3440,Budingen,BE
3440,Dormaal,BE
3440,Zoutleeuw,BE
3460,Bekkevoort,BE
3473,Waanrode,BE
3500,Sint-Lambrechts-Herk,BE
3511,Stokrooie,BE
3530,Houthalen,BE
3540,Donk,BE
3545,Loksbergen,BE
3550,Heusden-Zolder,BE
3550,Zolder,BE
3560,Linkhout,BE
3631,Uikhoven,BE
3640,Ophoven,BE
3650,Lanklaar,BE
3668,Niel-Bij-As,BE
3680,Neeroeteren,BE
3700,Overrepen,BE
3700,Riksingen,BE
3700,Rutten,BE
3700,Tongeren,BE
3721,Vliermaalroot,BE
3722,Wintershoven,BE
3730,Hoeselt,BE
3740,Kleine-Spouwen,BE
3740,Mopertingen,BE
3740,Munsterbilzen,BE
3742,Martenslinde,BE
3770,Kanne,BE
3770,Riemst,BE
3770,Vroenhoven,BE
3770,Zichen-Zussen-Bolder,BE
3803,Runkelen,BE
3803,Wilderen,BE
3840,Bommershoven,BE
3840,Borgloon,BE
3840,Hoepertingen,BE
3840,Jesseren,BE
3870,Batsheers,BE
3890,Boekhout,BE
3890,Jeuk,BE
3890,Niel-Bij-Sint-Truiden,BE
3890,Vorsen,BE
3910,Neerpelt,BE
3930,Hamont-Achel,BE
3945,Oostham,BE
3950,Kaulille,BE
3960,Gerdingen,BE
3960,Tongerlo,BE
3970,Leopoldsburg,BE
3990,Kleine-Brogel,BE
3990,Peer,BE
4000,Rocourt,BE
4020,Bressoux,BE
4020,Jupille-Sur-Meuse,BE
4020,Wandre,BE
4051,Vaux-Sous-Chèvremont,BE
4100,Boncelles,BE
4100,Seraing,BE
4101,Jemeppe-Sur-Meuse,BE
4130,Esneux,BE
4130,Tilff,BE
4140,Gomzé-Andoumont,BE
4160,Anthisnes,BE
4180,Comblain-La-Tour,BE
4190,My,BE
4210,Burdinne,BE
4219,Acosse,BE
4250,Geer,BE
4250,Hollogne-Sur-Geer,BE
4280,Cras-Avernas,BE
4287,Pellaines,BE
4287,Racour,BE
4300,Waremme,BE
4347,Noville,BE
4347,Roloux,BE
4357,Jeneffe,BE
4400,Chokier,BE
4432,Xhendremael,BE
4451,Voroux-Lez-Liers,BE
4460,Grâce-Berleur,BE
4460,Horion-Hozémont,BE
4470,Saint-Georges-Sur-Meuse,BE
4480,Engis,BE
4540,Ampsin,BE
4550,Yernée-Fraineux,BE
4557,Tinlot,BE
4560,Bois-Et-Borsu,BE
4560,Ocquier,BE
4577,Modave,BE
4590,Ouffet,BE
4600,Lixhe,BE
4601,Argenteau,BE
4607,Dalhem,BE
4620,Fléron,BE
4624,Romsée,BE
4633,Melen,BE
4650,Julémont,BE
4680,Oupeye,BE
4683,Vivegnis,BE
4690,Wonck,BE
4730,Hauset,BE
4731,Eynatten,BE
4760,Manderfeld,BE
4780,Recht,BE
4783,Lommersweiler,BE
4802,Heusy,BE
4834,Goé,BE
4841,Henri-Chapelle,BE
4845,Sart-Lez-Spa,BE
4850,Moresnet,BE
4860,Wegnez,BE
4870,Forêt,BE
4910,Theux,BE
4980,Trois-Ponts,BE
4990,Bra,BE
4990,Lierneux,BE
5001,Belgrade,BE
5020,Champion,BE
5020,Suarlée,BE
5020,Temploux,BE
5030,Grand-Manil,BE
5032,Bossière,BE
5060,Auvelais,BE
5070,Vitrival,BE
5100,Dave,BE
5100,Wierde,BE
5101,Erpent,BE
5140,Sombreffe,BE
5150,Floriffoux,BE
5150,Soye,BE
5170,Arbre,BE
5170,Bois-De-Villers,BE
5170,Rivière,BE
5190,Jemeppe-Sur-Sambre,BE
5300,Seilles,BE
5300,Vezin,BE
5310,Eghezée,BE
5310,Liernu,BE
5310,Longchamps,BE
5310,Mehaigne,BE
5310,Taviers,BE
5340,Faulx-Les-Tombes,BE
5340,Sorée,BE
5351,Haillot,BE
5370,Porcheresse,BE
5376,Miécret,BE
5377,Waillet,BE
5500,Anseremme,BE
5500,Dréhance,BE
5504,Foy-Notre-Dame,BE
5530,Durnal,BE
5530,Mont,BE
5537,Warnant,BE
5544,Agimont,BE
5555,Naomé,BE
5560,Ciergnon,BE
5570,Beauraing,BE
5570,Wancennes,BE
5575,Malvoisin,BE
5575,Vencimont,BE
5576,Froidfontaine,BE
5580,Ave-Et-Auffe,BE
5580,Jemelle,BE
5580,Wavreille,BE
5590,Braibant,BE
5590,Ciney,BE
5600,Fagnolle,BE
5600,Merlemont,BE
5600,Omezée,BE
5600,Roly,BE
5600,Sart-En-Fagne,BE
5600,Sautour,BE
5600,Vodecée,BE
5620,Corenne,BE
5620,Morville,BE
5621,Hanzinelle,BE
5621,Hanzinne,BE
5621,Morialmé,BE
5630,Cerfontaine,BE
5630,Senzeille,BE
5640,Oret,BE
5641,Furnaux,BE
5646,Stave,BE
5650,Fraire,BE
5660,Boussu-En-Fagne,BE
5670,Treignes,BE
5670,Vierves-Sur-Viroin,BE
5670,Viroinval,BE
5680,Doische,BE
5680,Gimnée,BE
5680,Matagne-La-Grande,BE
5680,Matagne-La-Petite,BE
5680,Niverlée,BE
5680,Vodelée,BE
6030,Goutroux,BE
6030,Marchienne-Au-Pont,BE
6040,Jumet,BE
6110,Montigny-Le-Tilleul,BE
6120,Cour-Sur-Heure,BE
6120,Ham-Sur-Heure,BE
6142,Leernes,BE
6150,Anderlues,BE
6180,Courcelles,BE
6210,Frasnes-Lez-Gosselies,BE
6210,Wayaux,BE
6211,Mellet,BE
6220,Wangenies,BE
6222,Brye,BE
6280,Joncret,BE
6280,Loverval,BE
6441,Erpion,BE
6460,Salles,BE
6461,Virelles,BE
6464,Forges,BE
6470,Sautin,BE
6500,Barbençon,BE
6500,Thirimont,BE
6534,Gozée,BE
6536,Thuillies,BE
6560,Montignies-Saint-Christophe,BE
6591,Macon,BE
6637,Fauvillers,BE
6660,Houffalize,BE
6660,Nadrin,BE
6680,Amberloup,BE
6680,Sainte-Ode,BE
6692,Petit-Thier,BE
6698,Grand-Halleux,BE
6717,Nobressart,BE
6717,Tontelange,BE
6720,Hachy,BE
6730,Bellefontaine,BE
6743,Buzenol,BE
6750,Mussy-La-Ville,BE
6760,Ruette,BE
6781,Sélange,BE
6800,Remagne,BE
6800,Saint-Pierre,BE
6851,Nollevaux,BE
6870,Mirwart,BE
6890,Ochamps,BE
6890,Transinne,BE
6890,Villance,BE
6900,Waha,BE
6940,Durbuy,BE
6953,Masbourg,BE
6960,Dochamps,BE
6960,Odeigne,BE
6980,Beausaint,BE
6987,Beffe,BE
6987,Rendeux,BE
6990,Hotton,BE
7000,Mons,BE
7022,Nouvelles,BE
7040,Aulnois,BE
7040,Blaregnies,BE
7040,Goegnies-Chaussée,BE
7040,Quévy-Le-Grand,BE
7062,Naast,BE
7063,Chaussée-Notre-Dame-Louvignies,BE
7080,Eugies,BE
7090,Hennuyères,BE
7110,Boussoit,BE
7110,Maurage,BE
7120,Haulchin,BE
7120,Peissant,BE
7120,Vellereille-Les-Brayeux,BE
7131,Waudrez,BE
7300,Boussu,BE
7322,Ville-Pommeroeul,BE
7331,Baudour,BE
7332,Neufmaison,BE
7333,Tertre,BE
7350,Hainin,BE
7387,Marchipont,BE
7500,Ere,BE
7501,Orcq,BE
7520,Templeuve,BE
7530,Gaurain-Ramecroix,BE
7531,Havinnes,BE
7610,Rumes,BE
7611,La Glanerie,BE
7622,Laplaigne,BE
7643,Fontenoy,BE
7700,Luingne,BE
7700,Mouscron,BE
7750,Amougies,BE
7760,Popuelles,BE
7810,Maffle,BE
7812,Mainvault,BE
7812,Villers-Saint-Amand,BE
7863,Ghoy,BE
7901,Thieulain,BE
7903,Blicquy,BE
7906,Gallaix,BE
7910,Cordes,BE
7911,Hacquegnies,BE
7911,Montroeul-Au-Bois,BE
7911,Oeudeghien,BE
7912,Dergneau,BE
7942,Mévergnies-Lez-Lens,BE
7950,Ladeuze,BE
7951,Tongre-Notre-Dame,BE
7971,Wadelincourt,BE
7972,Quevaucamps,BE
8020,Ruddervoorde,BE
8020,Waardamme,BE
8210,Zedelgem,BE
8300,Westkapelle,BE
8310,Sint-Kruis,BE
8340,Damme,BE
8340,Hoeke,BE
8370,Blankenberge,BE
8377,Nieuwmunster,BE
8380,Dudzele,BE
8420,De Haan,BE
8433,Sint-Pieters-Kapelle,BE
8450,Bredene,BE
8460,Westkerke,BE
8470,Moere,BE
8490,Snellegem,BE
8490,Varsenare,BE
8501,Bissegem,BE
8531,Bavikhove,BE
8531,Hulste,BE
8552,Moen,BE
8581,Waarmaarde,BE
8583,Bossuit,BE
8587,Espierres-Helchin,BE
8600,Leke,BE
8600,Stuivekenskerke,BE
8610,Zarren,BE
8630,De Moeren,BE
8630,Eggewaartskapelle,BE
8630,Houtem,BE
8647,Lo,BE
8660,Adinkerke,BE
8670,Oostduinkerke,BE
8690,Hoogstade,BE
8690,Sint-Rijkers,BE
8691,Gijverinkhove,BE
8700,Aarsele,BE
8720,Wakken,BE
8730,Beernem,BE
8792,Desselgem,BE
8830,Gits,BE
8840,Oostnieuwkerke,BE
8840,Westrozebeke,BE
8880,Ledegem,BE
8880,Rollegem-Kapelle,BE
8906,Elverdinge,BE
8920,Poelkapelle,BE
8930,Lauwe,BE
8954,Westouter,BE
8957,Messines,BE
8958,Loker,BE
8972,Krombeke,BE
8980,Zonnebeke,BE
9040,Sint-Amandsberg,BE
9042,Sint-Kruis-Winkel,BE
9052,Zwijnaarde,BE
9080,Lochristi,BE
9111,Belsele,BE
9130,Kieldrecht,BE
9130,Verrebroek,BE
9140,Tielrode,BE
9160,Daknam,BE
9160,Lokeren,BE
9190,Kemzeke,BE
9200,Appels,BE
9230,Westrem,BE
9255,Buggenhout,BE
9270,Kalken,BE
9290,Uitbergen,BE
9300,Aalst,BE
9308,Hofstade,BE
9340,Smetlede,BE
9401,Pollare,BE
9420,Aaigem,BE
9450,Denderhoutem,BE
9451,Kerksken,BE
9473,Welle,BE
9506,Idegem,BE
9506,Smeerebbe-Vloerzegem,BE
9520,Oombergen,BE
9520,Zonnegem,BE
9550,Herzele,BE
9550,Sint-Lievens-Esse,BE
9571,Hemelveerdegem,BE
9572,Sint-Martens-Lierde,BE
9620,Erwetegem,BE
9620,Godveerdegem,BE
9620,Sint-Maria-Oudenhove,BE
9620,Zottegem,BE
9630,Beerlegem,BE
9630,Dikkele,BE
9630,Hundelgem,BE
9630,Zwalm,BE
9667,Horebeke,BE
9667,Sint-Kornelis-Horebeke,BE
9680,Etikhove,BE
9690,Kluisbergen,BE
9690,Ruien,BE
9690,Zulzeke,BE
9700,Bevere,BE
9770,Kruishoutem,BE
9790,Moregem,BE
9800,Grammene,BE
9820,Bottelare,BE
9820,Munte,BE
9820,Schelderode,BE
9830,Sint-Martens-Latem,BE
9860,Gijzenzele,BE
9870,Olsene,BE
9890,Gavere,BE
9931,Oostwinkel,BE
9940,Kluizen,BE
9970,Kaprijke,BE
9971,Lembeke,BE
9981,Sint-Margriete,BE
9991,Adegem,BE
9992,Middelburg,BE
1020,Laeken,BE
1030,Schaerbeek,BE
1090,Jette,BE
1140,Evere,BE
1170,Watermael-Boitsfort,BE
1200,Woluwe-Saint-Lambert,BE
1210,Saint-Josse-Ten-Noode,BE
1331,Rosières,BE
1340,Ottignies-Louvain-La-Neuve,BE
1350,Enines,BE
1350,Jauche,BE
1350,Marilles,BE
1350,Noduwez,BE
1357,Neerheylissem,BE
1357,Opheylissem,BE
1360,Orbais,BE
1360,Thorembais-Les-Béguines,BE
1370,Dongelberg,BE
1370,Jodoigne-Souveraine,BE
1370,Lathuy,BE
1370,Saint-Jean-Geest,BE
1370,Saint-Remy-Geest,BE
1380,Couture-Saint-Germain,BE
1380,Plancenoit,BE
1390,Nethen,BE
1401,Baulers,BE
1430,Bierghes,BE
1435,Mont-Saint-Guibert,BE
1440,Braine-Le-Château,BE
1470,Bousval,BE
1472,Vieux-Genappe,BE
1474,Ways,BE
1495,Sart-Dames-Avelines,BE
1495,Tilly,BE
1540,Herfelingen,BE
1540,Herne,BE
1541,Sint-Pieters-Kapelle,BE
1570,Vollezele,BE
1600,Oudenaken,BE
1600,Sint-Pieters-Leeuw,BE
1620,Drogenbos,BE
1651,Lot,BE
1674,Bellingen,BE
1700,Sint-Martens-Bodegem,BE
1700,Sint-Ulriks-Kapelle,BE
1701,Itterbeek,BE
1702,Groot-Bijgaarden,BE
1755,Leerbeek,BE
1785,Brussegem,BE
1790,Teralfene,BE
1820,Perk,BE
1840,Malderen,BE
1840,Steenhuffel,BE
1850,Grimbergen,BE
1880,Kapelle-Op-Den-Bos,BE
1910,Buken,BE
1950,Kraainem,BE
1980,Eppegem,BE
1981,Hofstade,BE
2040,Antwerpen,BE
2140,Borgerhout,BE
2220,Heist-Op-Den-Berg,BE
2221,Booischot,BE
2230,Ramsel,BE
2235,Houtvenne,BE
2260,Zoerle-Parwijs,BE
2280,Grobbendonk,BE
2381,Weelde,BE
2387,Baarle-Hertog,BE
2390,Malle,BE
2390,Oostmalle,BE
2430,Eindhout,BE
2460,Kasterlee,BE
2460,Lichtaart,BE
2520,Oelegem,BE
2540,Hove,BE
2570,Duffel,BE
2580,Beerzel,BE
2630,Aartselaar,BE
2660,Hoboken,BE
2860,Sint-Katelijne-Waver,BE
2950,Kapellen,BE
2960,Brecht,BE
3012,Wilsele,BE
3020,Veltem-Beisem,BE
3040,Huldenberg,BE
3040,Ottenburg,BE
3052,Blanden,BE
3080,Vossem,BE
3150,Haacht,BE
3202,Rillaar,BE
3220,Holsbeek,BE
3271,Averbode,BE
3271,Zichem,BE
3290,Deurne,BE
3290,Diest,BE
3300,Hakendover,BE
3320,Hoegaarden,BE
3321,Outgaarden,BE
3350,Neerhespen,BE
3350,Wommersom,BE
3360,Opvelp,BE
3370,Boutersem,BE
3370,Kerkom,BE
3380,Glabbeek,BE
3400,Eliksem,BE
3400,Laar,BE
3400,Neerwinden,BE
3400,Overwinden,BE
3401,Waasmont,BE
3401,Walsbets,BE
3450,Grazen,BE
3454,Rummen,BE
3560,Lummen,BE
3570,Alken,BE
3582,Koersel,BE
3600,Genk,BE
3630,Leut,BE
3630,Maasmechelen,BE
3650,Stokkem,BE
3660,Opglabbeek,BE
3670,Meeuwen,BE
3670,Wijshagen,BE
3700,'s Herenelderen,BE
3700,Berg,BE
3700,Haren,BE
3700,Kolmont,BE
3700,Mal,BE
3700,Nerem,BE
3700,Sluizen,BE
3740,Bilzen,BE
3740,Waltwilder,BE
3770,Genoelselderen,BE
3791,Remersdaal,BE
3800,Ordingen,BE
3803,Duras,BE
3806,Velm,BE
3840,Gors-Opleeuw,BE
3870,Opheers,BE
3870,Rukkelingen-Loon,BE
3870,Veulen,BE
3910,Sint-Huibrechts-Lille,BE
3940,Hechtel,BE
3941,Eksel,BE
3980,Tessenderlo,BE
4000,Glain,BE
4000,Liège,BE
4032,Chênee,BE
4041,Vottem,BE
4050,Chaudfontaine,BE
4121,Neuville-En-Condroz,BE
4122,Plainevaux,BE
4140,Sprimont,BE
4141,Louveigné,BE
4171,Poulseur,BE
4180,Comblain-Fairon,BE
4180,Hamoir,BE
4181,Filot,BE
4190,Werbomont,BE
4210,Lamontzée,BE
4210,Marneffe,BE
4254,Ligney,BE
4257,Corswarem,BE
4260,Avennes,BE
4260,Ville-En-Hesbaye,BE
4280,Bertrée,BE
4280,Crehen,BE
4280,Hannut,BE
4280,Lens-Saint-Remy,BE
4280,Merdorp,BE
4280,Wansin,BE
4300,Bovenistier,BE
4317,Viemme,BE
4340,Othée,BE
4367,Kemexhe,BE
4367,Odeur,BE
4367,Thys,BE
4400,Flémalle-Haute,BE
4420,Saint-Nicolas,BE
4420,Tilleur,BE
4431,Loncin,BE
4452,Wihogne,BE
4480,Clermont-Sous-Huy,BE
4520,Wanze,BE
4530,Warnant-Dreye,BE
4537,Seraing-Le-Château,BE
4537,Verlaine,BE
4550,Villers-Le-Temple,BE
4557,Abée,BE
4577,Outrelouxhe,BE
4577,Strée-Lez-Huy,BE
4590,Warzée,BE
4600,Lanaye,BE
4606,Saint-André,BE
4607,Feneur,BE
4607,Mortroux,BE
4610,Queue-Du-Bois,BE
4630,Soumagne,BE
4650,Herve,BE
4672,Saint-Remy,BE
4728,Hergenrath,BE
4750,Elsenborn,BE
4771,Heppenbach,BE
4821,Andrimont,BE
4837,Baelen,BE
4837,Membach,BE
4850,Montzen,BE
4851,Gemmenich,BE
4861,Soiron,BE
4900,Spa,BE
4910,Polleur,BE
4920,Harzé,BE
4950,Faymonville,BE
4983,Basse-Bodeux,BE
5004,Bouge,BE
5020,Flawinne,BE
5020,Vedrin,BE
5024,Gelbressée,BE
5030,Lonzée,BE
5031,Grand-Leez,BE
5032,Isnes,BE
5032,Mazy,BE
5060,Keumiée,BE
5060,Sambreville,BE
5060,Tamines,BE
5070,Sart-Saint-Laurent,BE
5080,Emines,BE
5080,La Bruyère,BE
5080,Warisoulx,BE
5140,Ligny,BE
5190,Onoz,BE
5310,Dhuy,BE
5310,Hanret,BE
5310,Leuze,BE
5310,Saint-Germain,BE
5332,Crupet,BE
5334,Florée,BE
5360,Hamois,BE
5360,Natoye,BE
5361,Scy,BE
5364,Schaltin,BE
5370,Havelange,BE
5377,Baillonville,BE
5377,Bonsin,BE
5377,Nettinne,BE
5380,Cortil-Wodon,BE
5380,Franc-Waret,BE
5500,Falmagne,BE
5500,Falmignoul,BE
5502,Thynes,BE
5523,Sommière,BE
5530,Spontin,BE
5530,Yvoir,BE
5537,Anhée,BE
5537,Annevoie-Rouillon,BE
5537,Haut-Le-Wastia,BE
5537,Sosoye,BE
5540,Hastière-Lavaux,BE
5543,Heer,BE
5550,Chairière,BE
5550,Membre,BE
5550,Mouzaive,BE
5550,Orchimont,BE
5555,Baillamont,BE
5555,Bellefontaine,BE
5555,Cornimont,BE
5555,Graide,BE
5570,Dion,BE
5570,Felenne,BE
5570,Javingue,BE
5570,Vonêche,BE
5572,Focant,BE
5575,Patignies,BE
5575,Sart-Custinne,BE
5575,Willerzie,BE
5580,Mont-Gauthier,BE
5580,Rochefort,BE
5600,Villers-En-Fagne,BE
5630,Soumoy,BE
5640,Biesme,BE
5640,Mettet,BE
5650,Chastrès,BE
5651,Rognée,BE
5660,Brûly-De-Pesche,BE
5660,Presgaux,BE
5670,Dourbes,BE
5670,Nismes,BE
6000,Charleroi,BE
6031,Monceau-Sur-Sambre,BE
6041,Gosselies,BE
6042,Lodelinsart,BE
6120,Marbaix,BE
6181,Gouy-Lez-Piéton,BE
6230,Pont-À-Celles,BE
6238,Liberchies,BE
6238,Luttre,BE
6250,Pont-De-Loup,BE
6250,Presles,BE
6280,Villers-Poterie,BE
6440,Vergnies,BE
6460,Chimay,BE
6460,Saint-Remy,BE
6464,Rièzes,BE
6470,Sivry,BE
6470,Sivry-Rance,BE
6500,Beaumont,BE
6500,Leval-Chaudeville,BE
6500,Solre-Saint-Géry,BE
6530,Thuin,BE
6531,Biesme-Sous-Thuin,BE
6533,Biercée,BE
6542,Sars-La-Buissière,BE
6590,Momignies,BE
6600,Wardin,BE
6630,Martelange,BE
6637,Hollange,BE
6640,Vaux-Sur-Sûre,BE
6681,Lavacherie,BE
6700,Toernich,BE
6717,Attert,BE
6717,Nothomb,BE
6717,Thiaumont,BE
6724,Houdemont,BE
6740,Villers-Sur-Semois,BE
6750,Musson,BE
6760,Bleid,BE
6762,Saint-Mard,BE
6769,Gérouville,BE
6769,Robelmont,BE
6800,Bras,BE
6800,Libramont-Chevigny,BE
6800,Moircy,BE
6800,Recogne,BE
6800,Sainte-Marie-Chevigny,BE
6810,Izel,BE
6820,Muno,BE
6830,Bouillon,BE
6830,Les Hayons,BE
6833,Vivy,BE
6840,Hamipré,BE
6840,Longlier,BE
6850,Paliseul,BE
6852,Maissin,BE
6853,Framont,BE
6860,Léglise,BE
6880,Auby-Sur-Semois,BE
6880,Orgeo,BE
6890,Redu,BE
6890,Smuid,BE
6900,Humain,BE
6900,On,BE
6924,Lomprez,BE
6927,Resteigne,BE
6927,Tellin,BE
6940,Wéris,BE
6941,Bende,BE
6941,Tohogne,BE
6950,Harsin,BE
6950,Nassogne,BE
6952,Grune,BE
6970,Tenneville,BE
6987,Marcourt,BE
6997,Amonines,BE
6997,Soy,BE
7022,Hyon,BE
7034,Saint-Denis,BE
7040,Asquillies,BE
7040,Bougnies,BE
7041,Havay,BE
7050,Jurbise,BE
7063,Neufvilles,BE
7070,Thieu,BE
7070,Ville-Sur-Haine,BE
7090,Ronquières,BE
7100,Haine-Saint-Pierre,BE
7100,La Louvière,BE
7100,Trivières,BE
7110,Houdeng-Goegnies,BE
7120,Croix-Lez-Rouveroy,BE
7120,Fauroeulx,BE
7130,Binche,BE
7134,Péronnes-Lez-Binche,BE
7134,Ressaix,BE
7160,Piéton,BE
7170,Bois-D'haine,BE
7170,Fayt-Lez-Manage,BE
7170,Manage,BE
7181,Arquennes,BE
7181,Feluy,BE
7181,Petit-Roeulx-Lez-Nivelles,BE
7190,Ecaussinnes,BE
7191,Ecaussinnes-Lalaing,BE
7332,Sirault,BE
7340,Wasmes,BE
7350,Thulin,BE
7370,Dour,BE
7380,Quiévrain,BE
7387,Erquennes,BE
7387,Honnelles,BE
7387,Onnezies,BE
7390,Wasmuel,BE
7502,Esplechin,BE
7506,Willemeau,BE
7520,Ramegnies-Chin,BE
7522,Lamain,BE
7522,Marquain,BE
7534,Barry,BE
7604,Brasmenil,BE
7640,Péronnes-Lez-Antoing,BE
7642,Calonne,BE
7750,Anseroeul,BE
7750,Mont-De-L'enclus,BE
7750,Russeignies,BE
7760,Molenbaix,BE
7760,Velaines,BE
7781,Houthem,BE
7782,Ploegsteert,BE
7783,Bizet,BE
7800,Ath,BE
7811,Arbre,BE
7823,Gibecq,BE
7830,Bassilly,BE
7830,Fouleng,BE
7830,Gondregnies,BE
7850,Marcq,BE
7861,Wannebecq,BE
7862,Ogy,BE
7890,Lahamaide,BE
7911,Herquegies,BE
7950,Chièvres,BE
7971,Ramegnies,BE
7971,Thumaide,BE
8020,Hertsberge,BE
8340,Lapscheure,BE
8340,Moerkerke,BE
8340,Oostkerke,BE
8340,Sijsele,BE
8377,Zuienkerke,BE
8400,Oostende,BE
8400,Stene,BE
8430,Middelkerke,BE
8433,Mannekensvere,BE
8460,Ettelgem,BE
8480,Eernegem,BE
8510,Bellegem,BE
8510,Kooigem,BE
8550,Zwevegem,BE
8560,Gullegem,BE
8570,Ingooigem,BE
8572,Kaster,BE
8580,Avelgem,BE
8582,Outrijve,BE
8600,Keiem,BE
8600,Nieuwkapelle,BE
8600,Oostkerke,BE
8600,Vladslo,BE
8610,Werken,BE
8630,Wulveringem,BE
8630,Zoutenaaie,BE
8640,Oostvleteren,BE
8640,Westvleteren,BE
8647,Noordschote,BE
8660,De Panne,BE
8670,Koksijde,BE
8680,Koekelare,BE
8680,Zande,BE
8691,Stavele,BE
8700,Schuiferskapelle,BE
8710,Sint-Baafs-Vijve,BE
8720,Markegem,BE
8730,Sint-Joris,BE
8740,Egem,BE
8750,Wingene,BE
8770,Ingelmunster,BE
8780,Oostrozebeke,BE
8793,Sint-Eloois-Vijve,BE
8800,Rumbeke,BE
8830,Hooglede,BE
8902,Zillebeke,BE
8908,Vlamertinge,BE
8930,Menen,BE
8956,Kemmel,BE
8970,Reningelst,BE
8980,Passendale,BE
8980,Zandvoorde,BE
9050,Gentbrugge,BE
9051,Afsnee,BE
9060,Zelzate,BE
9080,Zeveneken,BE
9120,Kallo,BE
9140,Elversele,BE
9150,Bazel,BE
9170,De Klinge,BE
9170,Meerdonk,BE
9200,Dendermonde,BE
9200,Schoonaarde,BE
9200,Sint-Gillis-Dendermonde,BE
9310,Baardegem,BE
9310,Meldert,BE
9340,Lede,BE
9340,Wanzele,BE
9400,Ninove,BE
9402,Meerbeke,BE
9404,Aspelare,BE
9420,Bambrugge,BE
9420,Erondegem,BE
9450,Haaltert,BE
9470,Denderleeuw,BE
9500,Nederboelare,BE
9500,Onkerzele,BE
9500,Viane,BE
9500,Zarlardinge,BE
9520,Vlierzele,BE
9620,Oombergen,BE
9620,Sint-Goriks-Oudenhove,BE
9630,Roborst,BE
9630,Sint-Denijs-Boekel,BE
9636,Nederzwalm-Hermelgem,BE
9660,Elst,BE
9660,Everbeek,BE
9660,Nederbrakel,BE
9661,Parike,BE
9700,Ename,BE
9771,Nokere,BE
9790,Ooike,BE
9790,Wortegem,BE
9790,Wortegem-Petegem,BE
9800,Vinkt,BE
9820,Lemberge,BE
9850,Vosselare,BE
9860,Oosterzele,BE
9860,Scheldewindeke,BE
9870,Zulte,BE
9880,Lotenhulle,BE
9890,Dikkelvenne,BE
9920,Lovendegem,BE
9930,Zomergem,BE
9950,Waarschoot,BE
9960,Assenede,BE